<dpus>
  <dpu>
    <dpuName>RDF to separate graph</dpuName>
    <jarName>uv-l-rdfToVirtuoso-1.0.2-SNAPSHOT.jar</jarName>
    <version>unknown</version>
  </dpu>
  <dpu>
    <dpuName>uv-e-filesDownload</dpuName>
    <jarName>uv-e-filesDownload-2.0.1.jar</jarName>
    <version>unknown</version>
  </dpu>
  <dpu>
    <dpuName>uv-e-filesDownload2</dpuName>
    <jarName>uv-e-filesDownload-2.0.1.jar</jarName>
    <version>unknown</version>
  </dpu>
  <dpu>
    <dpuName>uv-l-filesUpload</dpuName>
    <jarName>uv-l-filesUpload-2.0.1.jar</jarName>
    <version>unknown</version>
  </dpu>
  <dpu>
    <dpuName>uv-t-rdfMerger</dpuName>
    <jarName>uv-t-rdfMerger-2.0.1.jar</jarName>
    <version>unknown</version>
  </dpu>
  <dpu>
    <dpuName>uv-t-rdfToFiles</dpuName>
    <jarName>uv-t-rdfToFiles-2.0.1.jar</jarName>
    <version>unknown</version>
  </dpu>
  <dpu>
    <dpuName>uv-t-sparqlUpdate1</dpuName>
    <jarName>uv-t-sparqlUpdate-2.0.1.jar</jarName>
    <version>unknown</version>
  </dpu>
  <dpu>
    <dpuName>uv-t-sparqlUpdate2</dpuName>
    <jarName>uv-t-sparqlUpdate-2.0.1.jar</jarName>
    <version>unknown</version>
  </dpu>
  <dpu>
    <dpuName>uv-t-sparqlUpdate3</dpuName>
    <jarName>uv-t-sparqlUpdate-2.0.1.jar</jarName>
    <version>unknown</version>
  </dpu>
  <dpu>
    <dpuName>uv-t-sparqlUpdate4</dpuName>
    <jarName>uv-t-sparqlUpdate-2.0.1.jar</jarName>
    <version>unknown</version>
  </dpu>
  <dpu>
    <dpuName>uv-t-tabular</dpuName>
    <jarName>uv-t-tabular-2.0.1.jar</jarName>
    <version>unknown</version>
  </dpu>
</dpus>