<dpus>
  <dpu>
    <dpuName>Add benefactor country</dpuName>
    <jarName>uv-t-sparqlUpdate-2.0.1.jar</jarName>
    <version>unknown</version>
  </dpu>
  <dpu>
    <dpuName>Add organization types and codes</dpuName>
    <jarName>uv-t-sparqlUpdate-2.0.1.jar</jarName>
    <version>unknown</version>
  </dpu>
  <dpu>
    <dpuName>Bind elod:activityStatusType</dpuName>
    <jarName>uv-t-sparqlUpdate-2.0.1.jar</jarName>
    <version>unknown</version>
  </dpu>
  <dpu>
    <dpuName>Bind elod:aidType</dpuName>
    <jarName>uv-t-sparqlUpdate-2.0.1.jar</jarName>
    <version>unknown</version>
  </dpu>
  <dpu>
    <dpuName>Bind elod:collaborationType</dpuName>
    <jarName>uv-t-sparqlUpdate-2.0.1.jar</jarName>
    <version>unknown</version>
  </dpu>
  <dpu>
    <dpuName>Bind elod:countryIsoCode</dpuName>
    <jarName>uv-t-sparqlUpdate-2.0.1.jar</jarName>
    <version>unknown</version>
  </dpu>
  <dpu>
    <dpuName>Bind elod:financeType</dpuName>
    <jarName>uv-t-sparqlUpdate-2.0.1.jar</jarName>
    <version>unknown</version>
  </dpu>
  <dpu>
    <dpuName>Bind elod:flowType</dpuName>
    <jarName>uv-t-sparqlUpdate-2.0.1.jar</jarName>
    <version>unknown</version>
  </dpu>
  <dpu>
    <dpuName>Bind elod:sector</dpuName>
    <jarName>uv-t-sparqlUpdate-2.0.1.jar</jarName>
    <version>unknown</version>
  </dpu>
  <dpu>
    <dpuName>Clean all organization placeholders</dpuName>
    <jarName>uv-t-sparqlUpdate-2.0.1.jar</jarName>
    <version>unknown</version>
  </dpu>
  <dpu>
    <dpuName>Clean optional placeholders</dpuName>
    <jarName>uv-t-sparqlUpdate-2.0.1.jar</jarName>
    <version>unknown</version>
  </dpu>
  <dpu>
    <dpuName>Clean up !MixedCurrencies 1</dpuName>
    <jarName>uv-t-sparqlUpdate-2.0.1.jar</jarName>
    <version>unknown</version>
  </dpu>
  <dpu>
    <dpuName>Clean up !MixedCurrencies 2</dpuName>
    <jarName>uv-t-sparqlUpdate-2.0.1.jar</jarName>
    <version>unknown</version>
  </dpu>
  <dpu>
    <dpuName>Clean-up Concept Schemes</dpuName>
    <jarName>uv-t-sparqlUpdate-2.0.1.jar</jarName>
    <version>unknown</version>
  </dpu>
  <dpu>
    <dpuName>Clean-up Skos Concepts</dpuName>
    <jarName>uv-t-sparqlUpdate-2.0.1.jar</jarName>
    <version>unknown</version>
  </dpu>
  <dpu>
    <dpuName>Delete +&apos;s in URI&apos;s and replace with _ (1)</dpuName>
    <jarName>uv-t-sparqlUpdate-2.0.1.jar</jarName>
    <version>unknown</version>
  </dpu>
  <dpu>
    <dpuName>Delete +&apos;s in URI&apos;s and replace with _ (2)</dpuName>
    <jarName>uv-t-sparqlUpdate-2.0.1.jar</jarName>
    <version>unknown</version>
  </dpu>
  <dpu>
    <dpuName>Delete Original Data</dpuName>
    <jarName>uv-t-sparqlUpdate-2.0.1.jar</jarName>
    <version>unknown</version>
  </dpu>
  <dpu>
    <dpuName>Fetch code lists</dpuName>
    <jarName>uv-e-filesDownload-2.0.1.jar</jarName>
    <version>unknown</version>
  </dpu>
  <dpu>
    <dpuName>Fetch data</dpuName>
    <jarName>uv-e-filesDownload-2.0.1.jar</jarName>
    <version>unknown</version>
  </dpu>
  <dpu>
    <dpuName>Get benefactors</dpuName>
    <jarName>uv-t-tabular-2.0.1.jar</jarName>
    <version>unknown</version>
  </dpu>
  <dpu>
    <dpuName>Get projects</dpuName>
    <jarName>uv-t-tabular-2.0.1.jar</jarName>
    <version>unknown</version>
  </dpu>
  <dpu>
    <dpuName>Insert elod:CommittedItem and elod:SpendingItem</dpuName>
    <jarName>uv-t-sparqlUpdate-2.0.1.jar</jarName>
    <version>unknown</version>
  </dpu>
  <dpu>
    <dpuName>RDF to &lt;http://yourdatastories.eu/ODA/ZW&gt;</dpuName>
    <jarName>uv-l-rdfToVirtuoso-1.0.2-SNAPSHOT.jar</jarName>
    <version>unknown</version>
  </dpu>
  <dpu>
    <dpuName>uv-e-filesDownload</dpuName>
    <jarName>uv-e-filesDownload-2.0.1.jar</jarName>
    <version>unknown</version>
  </dpu>
  <dpu>
    <dpuName>uv-l-filesUpload</dpuName>
    <jarName>uv-l-filesUpload-2.0.1.jar</jarName>
    <version>unknown</version>
  </dpu>
  <dpu>
    <dpuName>uv-t-filesToRdf</dpuName>
    <jarName>uv-t-filesToRdf-2.0.1.jar</jarName>
    <version>unknown</version>
  </dpu>
  <dpu>
    <dpuName>uv-t-rdfMerger</dpuName>
    <jarName>uv-t-rdfMerger-2.0.1.jar</jarName>
    <version>unknown</version>
  </dpu>
  <dpu>
    <dpuName>uv-t-rdfToFiles</dpuName>
    <jarName>uv-t-rdfToFiles-2.0.1.jar</jarName>
    <version>unknown</version>
  </dpu>
  <dpu>
    <dpuName>uv-t-tabular-Beneficiary</dpuName>
    <jarName>uv-t-tabular-2.0.1.jar</jarName>
    <version>unknown</version>
  </dpu>
</dpus>