<dpus>
  <dpu>
    <dpuName>Adapt Value/currencyValue/hasCurrencyValue</dpuName>
    <jarName>uv-t-sparqlUpdate-2.0.1.jar</jarName>
    <version>unknown</version>
  </dpu>
  <dpu>
    <dpuName>add elod:concerns</dpuName>
    <jarName>uv-t-sparqlUpdate-2.0.1.jar</jarName>
    <version>unknown</version>
  </dpu>
  <dpu>
    <dpuName>Add financial year 2012</dpuName>
    <jarName>uv-t-sparqlUpdate-2.0.1.jar</jarName>
    <version>unknown</version>
  </dpu>
  <dpu>
    <dpuName>Clean Concept Schemes</dpuName>
    <jarName>uv-t-sparqlUpdate-2.0.1.jar</jarName>
    <version>unknown</version>
  </dpu>
  <dpu>
    <dpuName>Clean SkosConcepts WDI</dpuName>
    <jarName>uv-t-sparqlUpdate-2.0.1.jar</jarName>
    <version>unknown</version>
  </dpu>
  <dpu>
    <dpuName>Clean Up ex.org/dollar</dpuName>
    <jarName>uv-t-sparqlUpdate-2.0.1.jar</jarName>
    <version>unknown</version>
  </dpu>
  <dpu>
    <dpuName>Clean-up ex.org/countrycode</dpuName>
    <jarName>uv-t-sparqlUpdate-2.0.1.jar</jarName>
    <version>unknown</version>
  </dpu>
  <dpu>
    <dpuName>Clear ex.org/code</dpuName>
    <jarName>uv-t-sparqlUpdate-2.0.1.jar</jarName>
    <version>unknown</version>
  </dpu>
  <dpu>
    <dpuName>Delete all country data1</dpuName>
    <jarName>uv-t-sparqlUpdate-2.0.1.jar</jarName>
    <version>unknown</version>
  </dpu>
  <dpu>
    <dpuName>Delete all country data2</dpuName>
    <jarName>uv-t-sparqlUpdate-2.0.1.jar</jarName>
    <version>unknown</version>
  </dpu>
  <dpu>
    <dpuName>Delete all country data3</dpuName>
    <jarName>uv-t-sparqlUpdate-2.0.1.jar</jarName>
    <version>unknown</version>
  </dpu>
  <dpu>
    <dpuName>Delete all country data4</dpuName>
    <jarName>uv-t-sparqlUpdate-2.0.1.jar</jarName>
    <version>unknown</version>
  </dpu>
  <dpu>
    <dpuName>Delete all country data5</dpuName>
    <jarName>uv-t-sparqlUpdate-2.0.1.jar</jarName>
    <version>unknown</version>
  </dpu>
  <dpu>
    <dpuName>Delete hasValue, where CurrencyValue exists</dpuName>
    <jarName>uv-t-sparqlUpdate-2.0.1.jar</jarName>
    <version>unknown</version>
  </dpu>
  <dpu>
    <dpuName>Import Codelist WDI</dpuName>
    <jarName>uv-e-filesDownload-2.0.1.jar</jarName>
    <version>unknown</version>
  </dpu>
  <dpu>
    <dpuName>Import Countries</dpuName>
    <jarName>uv-e-filesDownload-2.0.1.jar</jarName>
    <version>unknown</version>
  </dpu>
  <dpu>
    <dpuName>Import World Data file</dpuName>
    <jarName>uv-e-filesDownload-2.0.1.jar</jarName>
    <version>unknown</version>
  </dpu>
  <dpu>
    <dpuName>Link statistical indicators to countries</dpuName>
    <jarName>uv-t-sparqlUpdate-2.0.1.jar</jarName>
    <version>unknown</version>
  </dpu>
  <dpu>
    <dpuName>uv-l-filesUpload</dpuName>
    <jarName>uv-l-filesUpload-2.0.1.jar</jarName>
    <version>unknown</version>
  </dpu>
  <dpu>
    <dpuName>uv-t-filesToRdf</dpuName>
    <jarName>uv-t-filesToRdf-2.0.1.jar</jarName>
    <version>unknown</version>
  </dpu>
  <dpu>
    <dpuName>uv-t-rdfMerger2</dpuName>
    <jarName>uv-t-rdfMerger-2.0.1.jar</jarName>
    <version>unknown</version>
  </dpu>
  <dpu>
    <dpuName>uv-t-rdfToFiles</dpuName>
    <jarName>uv-t-rdfToFiles-2.0.1.jar</jarName>
    <version>unknown</version>
  </dpu>
  <dpu>
    <dpuName>uv-t-tabular</dpuName>
    <jarName>uv-t-tabular-2.0.1.jar</jarName>
    <version>unknown</version>
  </dpu>
</dpus>