<dpus>
  <dpu>
    <dpuName>Trade data</dpuName>
    <jarName>uv-e-filesDownload-2.0.1.jar</jarName>
    <version>unknown</version>
  </dpu>
  <dpu>
    <dpuName>uv-l-filesUpload</dpuName>
    <jarName>uv-l-filesUpload-2.0.1.jar</jarName>
    <version>unknown</version>
  </dpu>
  <dpu>
    <dpuName>uv-t-rdfMerger</dpuName>
    <jarName>uv-t-rdfMerger-2.0.1.jar</jarName>
    <version>unknown</version>
  </dpu>
  <dpu>
    <dpuName>uv-t-rdfToFiles</dpuName>
    <jarName>uv-t-rdfToFiles-2.0.1.jar</jarName>
    <version>unknown</version>
  </dpu>
  <dpu>
    <dpuName>uv-t-tabular</dpuName>
    <jarName>uv-t-tabular-2.0.1.jar</jarName>
    <version>unknown</version>
  </dpu>
</dpus>